,1950,1951,1952,1953,1954,1955,1956,1957,1958,1959,1960,1961,1962,1963,1964,1965,1966,1967,1968,1969,1970,1971,1972,1973,1974,1975,1976,1977,1978,1979,1980,1981,1982,1983,1984,1985,1986,1987,1988,1989,1990,1991,1992,1993,1994,1995,1996,1997,1998,1999,2000,2001,2002,2003,2004,2005,2006,2007,2008,2009,2010,2011,2012,2013,2014,2015,2016,2017,2018,2019
.Alabama,3062000,3059000,3068000,3053000,3014000,3050000,3071000,3109000,3163000,3204000,3267000,3316000,3323000,3358000,3395000,3443000,3464000,3458000,3446000,3440000,3444354,3497076,3539400,3579780,3626499,3678814,3735139,3780403,3831836,3866248,3893888,3918531,3925266,3934102,3951820,3972523,3991569,4015264,4023844,4030222,4040389,4050055,4099156,4154014,4214202,4260229,4296800,4331102,4367935,4404701,4452173,4467634,4480089,4503491,4530729,4569805,4628981,4672840,4718206,4757938,4785437,4799069,4815588,4830081,4841799,4852347,4863525,4874486,4887681,4903185
.Alaska,129000,158000,189000,205000,215000,222000,224000,231000,224000,224000,226000,238000,246000,256000,263000,271000,271000,278000,285000,296000,302583,315510,324464,330543,341063,376170,400969,403436,404766,402753,401851,418491,449606,488417,513702,532495,544268,539309,541983,547159,550043,553290,570193,588736,599432,603308,604412,608569,612968,619932,627963,633714,642337,648414,659286,666946,675302,680300,687455,698895,713910,722128,730443,737068,736283,737498,741456,739700,735139,731545
.Arizona,750000,785000,842000,894000,933000,987000,1053000,1125000,1193000,1261000,1302000,1407000,1471000,1521000,1556000,1584000,1614000,1646000,1682000,1737000,1775399,1895814,2008291,2124438,2223196,2284847,2346157,2425197,2515316,2635571,2718215,2810107,2889861,2968925,3067135,3183538,3308262,3437103,3535183,3622185,3665339,3684097,3788576,3915740,4065440,4245089,4432499,4586940,4736990,4883342,5160586,5273477,5396255,5510364,5652404,5839077,6029141,6167681,6280362,6343154,6407172,6472643,6554978,6632764,6730413,6829676,6941072,7044008,7158024,7278717
.Arkansas,1910000,1901000,1838000,1780000,1734000,1725000,1704000,1733000,1726000,1756000,1786000,1806000,1853000,1875000,1897000,1894000,1899000,1901000,1902000,1913000,1923322,1972312,2018638,2059256,2101403,2159526,2170161,2209010,2243127,2271333,2286435,2293201,2294257,2305761,2319768,2327046,2331984,2342355,2342656,2346358,2350624,2356586,2383144,2415984,2456303,2494019,2535399,2572109,2601090,2626289,2678588,2691571,2705927,2724816,2749686,2781097,2821761,2848650,2874554,2896843,2921964,2940667,2952164,2959400,2967392,2978048,2989918,3001345,3009733,3017804
.California,10586000,11134000,11635000,12251000,12746000,13133000,13713000,14264000,14880000,15467000,15717000,16497000,17072000,17668000,18151000,18585000,18858000,19176000,19394000,19711000,19971069,20345939,20585469,20868728,21173865,21537849,21935909,22352396,22835958,23256880,23667902,24285933,24820009,25360026,25844393,26441109,27102237,27777158,28464249,29218164,29811427,29959515,30470736,30974659,31274928,31484435,31696582,32018834,32486010,32987675,33987977,34479458,34871843,35253159,35574576,35827943,36021202,36250311,36604337,36961229,37319502,37638369,37948800,38260787,38596972,38918045,39167117,39358497,39461588,39512223
.Colorado,1325000,1326000,1365000,1431000,1493000,1546000,1625000,1664000,1667000,1710000,1754000,1844000,1899000,1936000,1970000,1985000,2007000,2053000,2120000,2166000,2209596,2303524,2404619,2495868,2541406,2586192,2632306,2696140,2766748,2849234,2889964,2977898,3061564,3133630,3169992,3208723,3237450,3260480,3262281,3275818,3294473,3307618,3387119,3495939,3613734,3724168,3826653,3919972,4018293,4116639,4326921,4425687,4490406,4528732,4575013,4631888,4720423,4803868,4889730,4972195,5047349,5121108,5192647,5269035,5350101,5450623,5539215,5611885,5691287,5758736
.Connecticut,2007000,2028000,2081000,2168000,2249000,2300000,2316000,2359000,2446000,2523000,2535000,2586000,2647000,2727000,2798000,2857000,2903000,2935000,2964000,3000000,3032217,3060938,3068699,3067814,3074047,3082500,3083335,3085722,3091627,3095917,3107576,3128836,3139013,3162354,3180014,3201131,3223740,3247291,3271953,3283403,3287116,3291967,3302895,3300712,3309175,3316121,3324144,3336685,3349348,3365352,3411777,3432835,3458749,3484336,3496094,3506956,3517460,3527270,3545579,3561807,3579114,3588283,3594547,3594841,3594524,3587122,3578141,3573297,3571520,3565287
.Delaware,318000,331000,341000,351000,368000,389000,408000,426000,433000,441000,446000,461000,469000,483000,497000,507000,516000,525000,534000,540000,548104,564708,572913,577759,581418,586589,590166,591829,594776,594984,594338,595975,599148,605458,611565,618280,627559,636947,647622,658273,666168,669567,683080,694925,706378,717545,729734,740977,751487,763335,786373,795699,806169,818003,830803,845150,859268,871749,883874,891730,899593,907381,915179,923576,932487,941252,948921,956823,965479,973764
.District of Columbia,802000,808000,805000,810000,791000,785000,759000,763000,757000,761000,764000,778000,788000,798000,798000,797000,791000,791000,778000,762000,756668,749781,742241,731488,717947,706871,692295,677228,665052,650016,638333,636893,634174,632433,633382,634549,638269,636930,630432,624168,606900,605321,600870,597565,595301,589239,580517,572377,567736,565230,572046,574504,573158,568502,567754,567136,570681,574404,580236,592228,605226,619800,634924,650581,662328,675400,685815,694906,701547,705749
.Florida,2771000,2980000,3157000,3310000,3505000,3747000,4047000,4372000,4630000,4808000,4952000,5243000,5458000,5628000,5781000,5954000,6104000,6242000,6433000,6641000,6791418,7158304,7511463,7913696,8298762,8518422,8667379,8856183,9102032,9426159,9746324,10192774,10471407,10749851,11039925,11351118,11667505,11997283,12306395,12637715,12938071,13033307,13369798,13650553,13927185,14239444,14537875,14853360,15186304,15486559,16047515,16356966,16689370,17004085,17415318,17842038,18166990,18367842,18527305,18652644,18845537,19053237,19297822,19545621,19845911,20209042,20613477,20963613,21244317,21477737
.Georgia,3445000,3531000,3584000,3558000,3602000,3636000,3701000,3766000,3804000,3868000,3943000,4015000,4086000,4172000,4258000,4332000,4379000,4408000,4482000,4551000,4587930,4711550,4809490,4910374,4999419,5064075,5132812,5219697,5295751,5401384,5463105,5568345,5649792,5728250,5834954,5962661,6084666,6208467,6316142,6411099,6478149,6512602,6653005,6817203,6978240,7157165,7328413,7501069,7685099,7863536,8227303,8377038,8508256,8622793,8769252,8925922,9155813,9349988,9504843,9620846,9711881,9802431,9901430,9972479,10067278,10178447,10301890,10410330,10511131,10617423
.Hawaii,500000,514000,517000,510000,505000,539000,559000,584000,605000,622000,633000,659000,684000,682000,700000,704000,710000,723000,734000,750000,769913,801644,828331,851595,867978,886160,904191,918259,931584,953306,964691,978195,993780,1012717,1027922,1039698,1051762,1067918,1079828,1094588,1108229,1113491,1136754,1158613,1172838,1187536,1196854,1203755,1211640,1215233,1213519,1225948,1239613,1251154,1273569,1292729,1309731,1315675,1332213,1346717,1363963,1379329,1394804,1408243,1414538,1422052,1427559,1424393,1420593,1415872
.Idaho,589000,589000,587000,596000,600000,618000,628000,642000,646000,657000,667000,684000,692000,683000,680000,686000,689000,688000,695000,707000,713015,738753,763237,782074,807990,831982,856983,883469,910690,932627,943935,962204,973721,981869,990839,994051,990224,984997,985664,994416,1006734,1012384,1041316,1071685,1108768,1145140,1177322,1203083,1228520,1252330,1299430,1319962,1340372,1363380,1391802,1428241,1468669,1505105,1534320,1554439,1570746,1583910,1595324,1611206,1631112,1651059,1682380,1717715,1750536,1787065
.Illinois,8712000,8790000,8956000,9065000,9252000,9435000,9530000,9668000,9886000,9986000,10081000,10130000,10280000,10402000,10580000,10693000,10836000,10947000,10995000,11039000,11110285,11202397,11251948,11251367,11262145,11291743,11342853,11386316,11412561,11396837,11426518,11443458,11423412,11408818,11412132,11399806,11387257,11391178,11390183,11409782,11430602,11453316,11568964,11694184,11809579,11912585,12008437,12101997,12185715,12271847,12434161,12488445,12525556,12556006,12589773,12609903,12643955,12695866,12747038,12796778,12840503,12867454,12882510,12895129,12884493,12858913,12820527,12778828,12723071,12671821
.Indiana,3934000,4096000,4148000,4182000,4264000,4363000,4458000,4529000,4583000,4613000,4662000,4730000,4736000,4799000,4856000,4922000,4999000,5053000,5093000,5143000,5195392,5253396,5302435,5338277,5361890,5365766,5389088,5425638,5470214,5501174,5490224,5480435,5467922,5450395,5458322,5459211,5454108,5473012,5491735,5523693,5544156,5557798,5616388,5674547,5739019,5793526,5851459,5906013,5955267,5998880,6091866,6127760,6155967,6196638,6233007,6278616,6332669,6379599,6424806,6459325,6490432,6516528,6537703,6568713,6593644,6608422,6634304,6658078,6695497,6732219
.Iowa,2621000,2617000,2626000,2629000,2626000,2679000,2703000,2716000,2708000,2729000,2758000,2756000,2750000,2747000,2746000,2742000,2762000,2793000,2803000,2805000,2825368,2851705,2860287,2863715,2867530,2880847,2903082,2913573,2918069,2915739,2913808,2907983,2888189,2870543,2858618,2829684,2791970,2767011,2768388,2770592,2776831,2781018,2797613,2818401,2836972,2850746,2867373,2880000,2891119,2902872,2929067,2931997,2934234,2941999,2953635,2964454,2982644,2999212,3016734,3032870,3050745,3066336,3076190,3092997,3109350,3120960,3131371,3141550,3148618,3155070
.Kansas,1905000,1950000,1977000,1994000,2042000,2093000,2119000,2128000,2142000,2160000,2179000,2215000,2231000,2217000,2209000,2206000,2200000,2197000,2216000,2236000,2249071,2246600,2256375,2265603,2269499,2280578,2301001,2320647,2335657,2350906,2363679,2384849,2401202,2415531,2424086,2427405,2432619,2445367,2461996,2472849,2477588,2481349,2498722,2532394,2556547,2580513,2601007,2614554,2635292,2660598,2693681,2702162,2713535,2723004,2734373,2745299,2762931,2783785,2808076,2832704,2858190,2869225,2885257,2893212,2900475,2909011,2910844,2908718,2911359,2913314
.Kentucky,2945000,2941000,2920000,2903000,2902000,2910000,2898000,2928000,2961000,2999000,3038000,3054000,3079000,3096000,3129000,3140000,3147000,3172000,3195000,3198000,3220711,3298053,3335728,3371024,3416315,3467769,3529257,3573693,3609976,3641804,3660777,3670394,3683445,3694484,3695453,3694826,3687809,3683329,3679999,3677306,3686892,3694048,3722328,3765469,3812206,3849088,3887427,3919535,3952747,3985390,4049021,4068132,4089875,4117170,4146101,4182742,4219239,4256672,4289878,4317074,4348181,4369821,4386346,4404659,4414349,4425976,4438182,4452268,4461153,4467673
.Louisiana,2684000,2769000,2842000,2866000,2883000,2946000,3032000,3115000,3155000,3208000,3257000,3287000,3345000,3377000,3446000,3496000,3550000,3581000,3603000,3619000,3644637,3710487,3761646,3788375,3820109,3886104,3950605,4014459,4068579,4137665,4205900,4283303,4352608,4395316,4400477,4408118,4406919,4344148,4288863,4252894,4221826,4221532,4253279,4293003,4316428,4347481,4378779,4398877,4421071,4440344,4471885,4477875,4497267,4521042,4552238,4576628,4302665,4375581,4435586,4491648,4544532,4575625,4600972,4624527,4644013,4664628,4678135,4670560,4659690,4648794
.Maine,914000,916000,915000,913000,927000,934000,938000,943000,944000,957000,969000,995000,994000,993000,993000,997000,999000,1004000,994000,992000,993722,1015390,1034292,1045655,1059040,1071995,1088412,1103578,1113566,1122563,1124660,1133033,1136684,1144772,1155635,1162936,1170126,1184574,1203840,1219961,1227928,1231719,1237081,1238508,1242302,1242662,1243480,1249060,1254774,1259127,1277072,1285692,1295960,1306513,1313688,1318787,1323619,1327040,1330509,1329590,1327629,1328284,1327729,1328009,1330513,1328262,1331317,1334612,1339057,1344212
.Maryland,2343000,2441000,2500000,2567000,2685000,2742000,2811000,2873000,2982000,3066000,3101000,3176000,3263000,3386000,3492000,3600000,3695000,3757000,3815000,3868000,3923897,4018324,4073499,4097974,4118815,4139096,4150539,4169595,4183603,4191160,4216975,4261905,4282923,4313327,4365243,4413071,4486957,4565557,4657904,4727301,4780753,4799770,4867641,4923368,4971889,5023060,5070033,5111986,5157328,5204464,5311034,5374691,5440389,5496269,5546935,5592379,5627367,5653408,5684965,5730388,5788645,5839419,5886992,5923188,5957283,5985562,6003323,6023868,6035802,6045680
.Massachusetts,4691000,4654000,4650000,4806000,4910000,4882000,4891000,4929000,5010000,5117000,5149000,5219000,5263000,5344000,5448000,5502000,5535000,5594000,5618000,5650000,5689170,5737580,5760302,5781172,5773548,5757756,5743672,5738199,5736469,5738404,5737037,5768685,5771222,5799407,5840773,5880733,5902678,5935204,5979982,6015478,6016425,6022639,6018470,6028709,6060569,6095241,6141445,6179756,6226058,6271838,6361104,6397634,6417206,6422565,6412281,6403290,6410084,6431559,6468967,6517613,6566307,6613583,6663005,6713315,6762596,6794228,6823608,6859789,6882635,6892503
.Michigan,6372000,6497000,6650000,6822000,7066000,7285000,7467000,7569000,7667000,7767000,7823000,7893000,7933000,8058000,8187000,8357000,8512000,8630000,8696000,8781000,8881826,8974186,9028944,9077956,9117507,9117668,9129205,9171110,9217761,9266268,9262078,9209287,9115198,9047754,9049452,9076293,9127775,9187481,9217998,9253295,9295287,9311319,9400446,9479065,9540114,9597737,9676211,9758645,9809051,9847942,9952450,9991120,10015710,10041152,10055315,10051137,10036081,10001284,9946889,9901591,9877510,9882412,9897145,9913065,9929848,9931715,9950571,9973114,9984072,9986857
.Minnesota,2982000,3010000,3030000,3050000,3113000,3172000,3240000,3274000,3313000,3366000,3414000,3470000,3513000,3531000,3558000,3592000,3617000,3659000,3703000,3758000,3806103,3853486,3869747,3889332,3903925,3932515,3964680,3989364,4015341,4050316,4075970,4111728,4131450,4141456,4157706,4184302,4205212,4235136,4296166,4338057,4375665,4389857,4440859,4495572,4555954,4610355,4660180,4712827,4763390,4813412,4933692,4982796,5018935,5053572,5087713,5119598,5163555,5207203,5247018,5281203,5310828,5346143,5376643,5413479,5451079,5482032,5522744,5566230,5606249,5639632
.Mississippi,2179000,2163000,2152000,2105000,2064000,2060000,2086000,2088000,2086000,2138000,2178000,2206000,2243000,2244000,2241000,2246000,2245000,2228000,2219000,2220000,2216994,2265432,2307117,2349546,2378268,2399449,2429756,2459201,2487816,2507069,2520638,2539036,2556777,2567717,2578051,2588102,2593597,2588545,2580352,2574269,2575475,2578897,2598733,2623734,2655100,2688992,2722659,2748085,2777004,2804834,2848353,2852994,2858681,2868312,2889010,2905943,2904978,2928350,2947806,2958774,2970548,2978731,2983816,2988711,2990468,2988471,2987938,2988510,2981020,2976149
.Missouri,3955000,4015000,3972000,4020000,4066000,4134000,4163000,4189000,4186000,4258000,4320000,4349000,4357000,4392000,4442000,4467000,4523000,4539000,4568000,4640000,4677623,4725764,4758780,4782645,4795930,4808308,4839029,4863173,4889399,4912430,4916686,4932064,4929451,4943733,4975278,5000268,5023068,5056696,5081736,5095830,5116901,5128880,5170800,5217101,5271175,5324497,5378247,5431553,5481193,5521765,5607285,5641142,5674825,5709403,5747741,5790300,5842704,5887612,5923916,5961088,5995974,6010275,6024367,6040715,6056202,6071732,6087135,6106670,6121623,6137428
.Montana,591000,596000,602000,616000,624000,636000,656000,667000,666000,669000,675000,696000,698000,703000,706000,706000,707000,701000,700000,694000,694409,710814,718732,726798,736419,748208,757317,769953,782317,787305,786690,795328,803986,814031,820905,822320,813739,805063,800202,799636,799065,800204,809680,825770,844761,861306,876553,886254,889865,892431,903773,906961,911667,919630,930009,940102,952692,964706,976415,983982,990697,997316,1003783,1013569,1021869,1030475,1040859,1052482,1060665,1068778
.Nebraska,1326000,1316000,1311000,1318000,1340000,1374000,1397000,1394000,1383000,1397000,1411000,1446000,1464000,1476000,1482000,1471000,1456000,1457000,1467000,1474000,1485333,1504604,1519013,1529567,1539191,1543117,1550911,1556842,1563884,1567344,1569825,1578515,1581780,1584293,1588639,1584664,1574333,1566547,1571477,1574864,1578417,1581660,1595919,1611687,1625590,1639041,1656992,1673740,1686418,1695816,1713820,1719836,1728292,1738643,1749370,1761497,1772693,1783440,1796378,1812683,1829542,1840672,1853303,1865279,1879321,1891277,1905616,1915947,1925614,1934408
.Nevada,160000,168000,181000,195000,213000,237000,250000,260000,269000,279000,285000,315000,352000,397000,426000,444000,446000,449000,464000,480000,488738,520018,546789,568991,596822,619972,646975,678333,719436,765367,800493,847655,881537,901977,924922,951030,980613,1023376,1075022,1137382,1201675,1220695,1296171,1351367,1411215,1499298,1581578,1666320,1764104,1853191,2018741,2098399,2173791,2248850,2346222,2432143,2522658,2601072,2653630,2684665,2702405,2712730,2743996,2775970,2817628,2866939,2917563,2969905,3027341,3080156
.New Hampshire,533000,529000,535000,547000,554000,557000,566000,572000,581000,596000,607000,618000,632000,649000,663000,676000,681000,697000,709000,724000,737681,761851,781107,800951,815914,828555,845248,869763,891520,909074,920610,936621,947719,958134,976864,996753,1025053,1054289,1082577,1104522,1109252,1112384,1109929,1117784,1129458,1142560,1157561,1174719,1189425,1205940,1239882,1255517,1269089,1279840,1290121,1298492,1308389,1312540,1315906,1316102,1316762,1320202,1324232,1326622,1333341,1336350,1342307,1348787,1353465,1359711
.New Jersey,4835000,5006000,5125000,5229000,5360000,5502000,5615000,5737000,5890000,6015000,6067000,6265000,6376000,6531000,6660000,6767000,6851000,6928000,7005000,7095000,7171112,7281107,7335042,7333083,7332411,7337765,7339745,7337169,7350804,7366512,7364823,7407472,7430968,7467785,7515473,7565528,7622159,7670742,7712333,7726089,7747750,7762963,7814676,7880508,7948915,8014306,8083242,8149596,8218808,8287418,8430621,8492671,8552643,8601402,8634561,8651974,8661679,8677885,8711090,8755602,8799446,8828117,8844942,8856972,8864525,8867949,8870827,8885525,8886025,8882190
.New Mexico,681000,717000,735000,756000,763000,785000,806000,847000,886000,919000,951000,965000,979000,989000,1006000,1012000,1007000,1000000,994000,1011000,1017055,1053737,1078697,1105529,1131309,1159944,1189295,1215720,1238034,1284722,1302894,1332748,1363823,1394361,1416717,1438361,1462729,1478520,1490337,1503901,1515069,1521574,1555305,1595442,1636453,1682398,1720394,1752326,1774839,1793484,1821204,1831690,1855309,1877574,1903808,1932274,1962137,1990070,2010662,2036802,2064552,2080450,2087309,2092273,2089568,2089291,2091630,2091784,2092741,2096829
.New York,14830000,14890000,15192000,15527000,15814000,15966000,16112000,16374000,16601000,16685000,16782000,17061000,17301000,17461000,17589000,17734000,17843000,17935000,18051000,18105000,18241391,18357982,18339400,18177063,18049775,18003485,17940541,17812602,17680589,17583838,17558072,17567734,17589738,17686905,17745684,17791672,17833419,17868848,17941309,17983086,17990778,18020784,18122510,18246653,18374954,18459470,18524104,18588460,18656546,18755906,19001780,19082838,19137800,19175939,19171567,19132610,19104631,19132335,19212436,19307066,19399878,19499241,19572932,19624447,19651049,19654666,19633428,19589572,19530351,19453561
.North Carolina,4062000,4120000,4109000,4120000,4131000,4242000,4309000,4368000,4376000,4458000,4556000,4663000,4707000,4742000,4802000,4863000,4896000,4952000,5004000,5031000,5084411,5203531,5301150,5389852,5470911,5547188,5607964,5685607,5759492,5823491,5881766,5956653,6019101,6077056,6164006,6253954,6321578,6403700,6480594,6565459,6632448,6664016,6784280,6897214,7042818,7187398,7344674,7500670,7656825,7809121,8081614,8210122,8326201,8422501,8553152,8705407,8917270,9118037,9309449,9449566,9574323,9657592,9749476,9843336,9932887,10031646,10154788,10268233,10381615,10488084
.North Dakota,620000,604000,608000,609000,611000,615000,613000,612000,606000,618000,632000,641000,637000,644000,649000,649000,647000,626000,621000,621000,617792,626760,631119,632675,634559,638886,645797,649769,651301,652896,652717,659505,668972,676688,680497,676980,669512,661136,655331,646351,638800,637685,635753,638223,641216,644804,647832,650382,649716,647532,642023,639062,638168,638817,644705,646089,649422,652822,657569,664968,674715,685225,701176,722036,737401,754066,754434,754942,758080,762062
.Ohio,7947000,8061000,8275000,8591000,8873000,9017000,9207000,9410000,9599000,9671000,9706000,9854000,9929000,9986000,10080000,10201000,10330000,10414000,10516000,10563000,10657423,10734818,10746993,10767314,10765759,10770425,10752662,10771394,10795581,10798298,10797630,10788330,10757087,10737632,10737746,10734926,10730268,10760090,10798552,10829217,10847115,10864162,10945762,11029431,11101140,11152454,11202751,11242827,11277357,11311536,11363543,11387404,11407889,11434788,11452251,11463320,11481213,11500468,11515391,11528896,11539336,11544663,11548923,11576684,11602700,11617527,11634370,11659650,11676341,11689100
.Oklahoma,2233000,2210000,2219000,2182000,2209000,2250000,2273000,2282000,2267000,2289000,2328000,2380000,2427000,2439000,2446000,2440000,2454000,2489000,2503000,2535000,2559463,2618601,2658646,2695931,2734768,2774683,2826815,2870014,2917336,2975310,3025290,3096164,3206123,3290402,3285533,3271332,3252735,3210122,3167057,3150307,3145576,3148825,3175440,3220517,3252285,3280940,3308208,3340129,3372917,3405194,3454365,3467100,3489080,3504892,3525233,3548597,3594090,3634349,3668976,3717572,3759944,3788379,3818814,3853214,3878187,3909500,3926331,3931316,3940235,3956971
.Oregon,1521000,1556000,1582000,1601000,1626000,1659000,1698000,1712000,1718000,1746000,1769000,1787000,1818000,1853000,1888000,1937000,1969000,1979000,2004000,2062000,2091533,2151022,2197297,2241932,2285013,2329661,2378262,2446673,2518298,2588012,2633105,2667982,2664922,2653066,2666588,2672652,2683528,2700991,2741297,2790575,2842337,2860375,2928507,2991755,3060367,3121264,3184369,3247111,3304310,3352449,3429708,3467937,3513424,3547376,3569463,3613202,3670883,3722417,3768748,3808600,3837491,3872036,3899001,3922468,3963244,4015792,4089976,4143625,4181886,4217737
.Pennsylvania,10498000,10461000,10503000,10662000,10817000,10939000,10972000,10954000,11058000,11234000,11319000,11392000,11355000,11424000,11519000,11620000,11664000,11681000,11741000,11741000,11800766,11886400,11908233,11890527,11870884,11906095,11897378,11893591,11879396,11887975,11863895,11858567,11845146,11837723,11815172,11770862,11782752,11810866,11845752,11865996,11882842,11903299,11982164,12049450,12119724,12166050,12198403,12220464,12227814,12245672,12284173,12298970,12331031,12374658,12410722,12449990,12510809,12563937,12612285,12666858,12711160,12745815,12767118,12776309,12788313,12784826,12782275,12787641,12800922,12801989
.Rhode Island,792000,784000,802000,815000,816000,823000,840000,851000,858000,857000,859000,858000,871000,876000,885000,893000,899000,909000,922000,932000,949723,963107,974790,975738,950615,942788,946089,950230,951816,950382,947154,953013,954170,956382,961894,968955,977341,989604,996408,1000666,1003464,1005995,1010649,1012581,1015112,1015960,1017002,1020893,1025353,1031155,1050268,1057142,1065995,1071342,1074579,1067916,1063096,1057315,1055003,1053646,1053959,1053649,1054621,1055081,1055936,1056065,1056770,1055673,1058287,1059361
.South Carolina,2117000,2167000,2178000,2181000,2176000,2200000,2229000,2274000,2304000,2348000,2383000,2409000,2423000,2460000,2475000,2494000,2520000,2533000,2559000,2570000,2590713,2662269,2719197,2776605,2844749,2902028,2943657,2991681,3044364,3090267,3121820,3179255,3207614,3234066,3271868,3303209,3342758,3380506,3412096,3456775,3486310,3501155,3570404,3620464,3663314,3705397,3748582,3796200,3859696,3919235,4024223,4064995,4107795,4150297,4210921,4270150,4357847,4444110,4528996,4589872,4635649,4671994,4717354,4764080,4823617,4891938,4957968,5021268,5084156,5148714
.South Dakota,653000,655000,651000,648000,655000,663000,670000,666000,656000,667000,681000,693000,705000,708000,701000,692000,683000,671000,669000,668000,666257,671297,677234,678715,679585,681042,686390,688480,688580,688335,690768,689584,690597,693008,697249,698402,696034,696036,698165,696701,696004,697101,703669,712801,722159,730790,737925,742213,744223,746058,755844,757972,760020,763729,770396,775493,783033,791623,799124,807067,816166,823579,833566,842316,849129,853988,862996,872868,878698,884659
.Tennessee,3292000,3372000,3352000,3319000,3359000,3415000,3415000,3434000,3471000,3522000,3567000,3622000,3673000,3718000,3771000,3798000,3822000,3859000,3878000,3897000,3926018,4013608,4094611,4147401,4213509,4275566,4346928,4422921,4486314,4560473,4591120,4627658,4646041,4659749,4686737,4715296,4738708,4782927,4822437,4854444,4877203,4894492,4966587,5049742,5137584,5231438,5326936,5416643,5499233,5570045,5703719,5750789,5795918,5847812,5910809,5991057,6088766,6175727,6247411,6306019,6355311,6399291,6453898,6494340,6541223,6591170,6646010,6708799,6771631,6829174
.Texas,7711000,8111000,8314000,8336000,8382000,8660000,8830000,9070000,9252000,9405000,9580000,9820000,10053000,10159000,10270000,10378000,10492000,10599000,10819000,11045000,11198655,11509848,11759148,12019543,12268629,12568843,12904089,13193050,13500429,13888371,14229191,14746318,15331415,15751676,16007086,16272734,16561113,16621791,16667022,16806735,16986335,17056755,17398005,17759738,18161612,18564062,18958751,19340342,19740317,20157531,20944499,21319622,21690325,22030931,22394023,22778123,23359580,23831983,24309039,24801761,25241971,25645629,26084481,26480266,26964333,27470056,27914410,28295273,28628666,28995881
.Utah,689000,706000,724000,739000,750000,783000,809000,826000,845000,870000,891000,936000,958000,974000,978000,994000,1009000,1019000,1029000,1047000,1059273,1101192,1135449,1170040,1200471,1236030,1274928,1319512,1367510,1420238,1461037,1515471,1558314,1594943,1622342,1642910,1662834,1678119,1689372,1705864,1722850,1731223,1779780,1836799,1898404,1960446,2014177,2067976,2119784,2165960,2244502,2283715,2324815,2360137,2401580,2457719,2525507,2597746,2663029,2723421,2775332,2814384,2853375,2897640,2936879,2981835,3041868,3101042,3153550,3205958
.Vermont,378000,378000,375000,379000,377000,375000,377000,376000,380000,387000,390000,390000,393000,397000,399000,404000,413000,423000,430000,437000,444732,454318,463143,468430,473002,479713,484928,491931,498109,505372,511456,515594,519109,523302,526660,530035,534066,540267,549763,557707,562758,564798,568606,572751,577748,583836,589002,593701,597239,600416,609618,612223,615442,617858,619920,621215,622892,623481,624151,624817,625879,627049,626090,626210,625214,625216,623657,624344,624358,623989
.Virginia,3319000,3434000,3504000,3557000,3555000,3588000,3722000,3844000,3914000,3951000,3967000,4095000,4180000,4276000,4357000,4411000,4456000,4508000,4558000,4614000,4651448,4750838,4824472,4901292,4971069,5047395,5121863,5193112,5270240,5307945,5346818,5444097,5492783,5564657,5643870,5715153,5811700,5932268,6036909,6120246,6189197,6216884,6301217,6414307,6509630,6593139,6670693,6750884,6829183,6900918,7105817,7198362,7286873,7366977,7475575,7577105,7673725,7751000,7833496,7925937,8023699,8101155,8185080,8252427,8310993,8361808,8410106,8463587,8501286,8535519
.Washington,2379000,2424000,2448000,2466000,2516000,2604000,2668000,2724000,2773000,2821000,2853000,2882000,2942000,2955000,2961000,2967000,3057000,3174000,3270000,3343000,3413244,3447553,3447885,3478782,3549946,3621339,3693610,3776050,3889073,4017632,4132156,4235731,4276552,4300266,4343656,4400098,4452720,4531901,4639893,4746316,4866669,4903043,5025624,5160757,5278842,5375161,5481027,5569753,5674747,5769562,5910512,5985722,6052349,6104115,6178645,6257305,6370753,6461587,6562231,6667426,6742830,6826627,6897058,6963985,7054655,7163657,7294771,7423362,7523869,7614893
.West Virginia,2006000,1984000,1957000,1929000,1905000,1880000,1857000,1843000,1845000,1855000,1860000,1828000,1809000,1796000,1797000,1786000,1775000,1769000,1763000,1746000,1744237,1770657,1797648,1806360,1815447,1842250,1879503,1908088,1923395,1942146,1949644,1954124,1949604,1945061,1927697,1906831,1882350,1857585,1830215,1806568,1793477,1792548,1798735,1806451,1817539,1820421,1823700,1822808,1819113,1815609,1807021,1801481,1805414,1812295,1816438,1820492,1827912,1834052,1840310,1847775,1854239,1856301,1856872,1853914,1849489,1842050,1831023,1817004,1804291,1792147
.Wisconsin,3435000,3439000,3469000,3506000,3608000,3679000,3742000,3791000,3843000,3891000,3952000,4009000,4049000,4112000,4165000,4232000,4274000,4303000,4345000,4378000,4417821,4462155,4502412,4524244,4545782,4578986,4595904,4626514,4646108,4682811,4705767,4726343,4728870,4721438,4735563,4747767,4755618,4777919,4822388,4856574,4891954,4904562,4964343,5025398,5084889,5133678,5184836,5229986,5266213,5297672,5373999,5406835,5445162,5479203,5514026,5546166,5577655,5610775,5640996,5669264,5690475,5705288,5719960,5736754,5751525,5760940,5772628,5790186,5807406,5822434
.Wyoming,291000,291000,293000,290000,293000,307000,312000,314000,315000,320000,330000,337000,333000,336000,339000,332000,323000,322000,324000,329000,332416,340285,347345,354061,365501,381695,396952,413354,432880,454378,469557,491712,506400,510345,504896,499695,495633,476965,465101,458374,453589,453690,459260,466251,473081,480283,485160,488167,489451,490787,494300,494657,500017,503453,509106,514157,522667,534876,546043,559851,564487,567299,576305,582122,582531,585613,584215,578931,577601,578759
